DocumentID,DocumentTitle,SectionID,SectionSlug,HeaderLevel,HeaderText,BodyText,ParentSectionID,Keywords,URLs
ohs-risk-planning,OHS Risk Planning and Management,ohs-risk-planning-001,policy-last-updated,3,Policy last updated,4 September 2025,,,
ohs-risk-planning,OHS Risk Planning and Management,ohs-risk-planning-002,policy,2,Policy,"This policy outlines the health, safety and wellbeing risk planning and management requirements for schools to ensure occupational health and safety (OHS) hazards and risks associated with school activities, including those on and off school grounds, are identified, assessed and managed.",,"risk, hazard, planning, requirement, safety, wellbeing",
ohs-risk-planning,OHS Risk Planning and Management,ohs-risk-planning-003,summary,2,Summary,,,,
ohs-risk-planning,OHS Risk Planning and Management,ohs-risk-planning-004,summary-item-0-0,3,Summary - Item 1,"Reasonable steps must be taken to maintain a safe and healthy working environment where health, safety and wellbeing risks are identified and managed effectively.",ohs-risk-planning-003,"risk, must, safety, wellbeing",
ohs-risk-planning,OHS Risk Planning and Management,ohs-risk-planning-005,summary-item-0-1,3,Summary - Item 2,"The principal or their delegate, in consultation with school staff who are or are likely to be affected, and health and safety representatives (HSR), where elected, must identify, assess, control, monitor and prioritise OHS risks using the template OHS risk register and OHS activities calendar (or equivalent template).",ohs-risk-planning-003,"risk, control, register, principal, staff, must, consultation, safety",
ohs-risk-planning,OHS Risk Planning and Management,ohs-risk-planning-006,summary-item-0-2,3,Summary - Item 3,"The department has identified common hazards that must be included in the school’s OHS risk register, such as manual handling, work-related violence and students with challenging behaviours.",ohs-risk-planning-003,"risk, hazard, register, must, manual handling, violence",
ohs-risk-planning,OHS Risk Planning and Management,ohs-risk-planning-007,summary-item-0-3,3,Summary - Item 4,"School staff must take reasonable care for their own health and safety, and the health and safety of others who may be affected by their actions or omissions while at work. School staff must also co-operate with anything the principal or their delegate does in respect of any action undertaken to comply with OHS requirements.",ohs-risk-planning-003,"principal, staff, requirement, must, safety",
ohs-risk-planning,OHS Risk Planning and Management,ohs-risk-planning-008,summary-item-0-4,3,Summary - Item 5,Local regional OHS support officers and the OHS Advisory Service <http://www2.education.vic.gov.au/pal/occupational-health-safety-wellbeing-management/guidance/useful-contacts> can provide free advice and onsite or remote support on OHS risk management.,ohs-risk-planning-003,"risk, safety, wellbeing",http://www2.education.vic.gov.au/pal/occupational-health-safety-wellbeing-management/guidance/useful-contacts
ohs-risk-planning,OHS Risk Planning and Management,ohs-risk-planning-009,summary-item-0-5,3,Summary - Item 6,"The OHS Risk Planning and Management Procedure <http://www2.education.vic.gov.au/pal/ohs-risk-management-planning/procedure> explains how to plan for, identify, assess, control and monitor OHS hazards and risks in the school.",ohs-risk-planning-003,"risk, hazard, control, planning",http://www2.education.vic.gov.au/pal/ohs-risk-management-planning/procedure
ohs-risk-planning,OHS Risk Planning and Management,ohs-risk-planning-010,details,2,Details,"The OHS risk management process aims to ensure all schools are equipped to effectively plan for and manage health, safety and wellbeing hazards and risks in their environment, minimising the associated potential impact and injuries and keeping all staff safe and well at work.",,"risk, hazard, staff, safety, wellbeing",
ohs-risk-planning,OHS Risk Planning and Management,ohs-risk-planning-011,roles-and-responsibilities-in-managing-health-and-safety-risk,3,Roles and responsibilities in managing health and safety risk,"Under the Occupational Health and Safety Act 2004 (Vic) (OHS Act) <https://www.legislation.vic.gov.au/in-force/acts/occupational-health-and-safety-act-2004> , managing health and safety risk is a shared responsibility.",ohs-risk-planning-010,"risk, responsibility, safety",https://www.legislation.vic.gov.au/in-force/acts/occupational-health-and-safety-act-2004
ohs-risk-planning,OHS Risk Planning and Management,ohs-risk-planning-012,department-roles-and-responsibilities,4,Department roles and responsibilities,"The department must maintain, so far as is reasonably practicable, a safe and healthy working environment where health, safety and wellbeing risks are identified and managed across all department workplaces. This includes central and regional office roles working collaboratively with schools to provide advice and access to supports to assist the principal or delegate in eliminating or mitigating risks.",ohs-risk-planning-011,"risk, principal, must, safety, wellbeing, workplace",
ohs-risk-planning,OHS Risk Planning and Management,ohs-risk-planning-013,principal-or-delegate-roles-and-responsibilities,4,Principal or delegate roles and responsibilities,"The principal or their delegate must, in consultation with school staff who are or are likely to be affected, and HSRs, where elected, identify, assess, control, monitor and prioritise health, safety and wellbeing risks and hazards relevant to the school’s particular risk profile. The principal or their delegate must be aware and respond to new and existing hazards raised with them within a reasonable timeframe and communicate with the relevant staff members.",ohs-risk-planning-011,"risk, hazard, control, principal, staff, must, consultation, safety, wellbeing",
ohs-risk-planning,OHS Risk Planning and Management,ohs-risk-planning-014,school-staff-roles-and-responsibilities,4,School staff roles and responsibilities,,ohs-risk-planning-011,staff,
ohs-risk-planning,OHS Risk Planning and Management,ohs-risk-planning-015,school-staff-roles-and-responsibilities-para-0-0,5,School staff roles and responsibilities - Paragraph 1,"School staff, including contractors, volunteers and visitors, must take reasonable care for their own health, safety and wellbeing and of others who may be affected by their actions or omissions. School staff are responsible for reporting hazards and undertaking actions if appropriate to mitigate the risks.",ohs-risk-planning-014,"risk, hazard, staff, must, safety, wellbeing, contractor, volunteer",
ohs-risk-planning,OHS Risk Planning and Management,ohs-risk-planning-016,school-staff-roles-and-responsibilities-para-0-1,5,School staff roles and responsibilities - Paragraph 2,"Any school staff who identifies or observes a hazard in the workplace must notify the principal or their delegate using the most appropriate method based on current risk and report it in eduSafe Plus. Where there is unreasonable risk identified, cease the associated activity, and isolate the hazard (where possible and safe to do so).",ohs-risk-planning-014,"risk, hazard, principal, staff, must, workplace",
ohs-risk-planning,OHS Risk Planning and Management,ohs-risk-planning-017,school-council-roles-and-responsibilities,4,School council roles and responsibilities,"School councils must maintain, so far as is reasonably practicable, a safe and healthy working environment for school council employees where health, safety and wellbeing risks are identified and managed. School councils must otherwise ensure that any health, safety and wellbeing risks are managed when undertaking their powers and functions.",ohs-risk-planning-011,"risk, must, safety, wellbeing",
ohs-risk-planning,OHS Risk Planning and Management,ohs-risk-planning-018,key-requirements-to-enable-risk-planning-and-management-in-schools,3,Key requirements to enable risk planning and management in schools,,ohs-risk-planning-010,"risk, planning, requirement",
ohs-risk-planning,OHS Risk Planning and Management,ohs-risk-planning-019,risk-register,4,Risk Register,"Schools must maintain a risk register (templates available from the Resources tab <http://www2.education.vic.gov.au/pal/ohs-risk-management-planning/resources> ) that has been tailored to the individual school’s context. The OHS risk register must be fully reviewed and updated at least annually and as required,, and must include:",ohs-risk-planning-018,"risk, planning, register, must, annually, review",http://www2.education.vic.gov.au/pal/ohs-risk-management-planning/resources
ohs-risk-planning,OHS Risk Planning and Management,ohs-risk-planning-020,risk-register-item-1,5,Risk Register - Item 1,"All health, safety and wellbeing hazards that are relevant to the school",ohs-risk-planning-041,"risk, hazard, register, safety, wellbeing",
ohs-risk-planning,OHS Risk Planning and Management,ohs-risk-planning-021,risk-register-item-2,5,Risk Register - Item 2,"All department mandated risks, as identified in the department’s OHS risk register template",ohs-risk-planning-041,"risk, register",
ohs-risk-planning,OHS Risk Planning and Management,ohs-risk-planning-022,risk-register-item-3,5,Risk Register - Item 3,"Control measures to eliminate or control risks, including measures that are currently being implemented and those that are planned.",ohs-risk-planning-041,"risk, control, register",
ohs-risk-planning,OHS Risk Planning and Management,ohs-risk-planning-023,risk-management-planning,4,Risk Management Planning,"Principals or their delegates must effectively plan for risk management activities, identify hazards, implement effective controls, and monitor and review hazards and controls, in consultation with school staff who are likely to be directly affected and HSRs, where elected. This includes:",ohs-risk-planning-018,"risk, hazard, control, planning, principal, staff, must, consultation, review",
ohs-risk-planning,OHS Risk Planning and Management,ohs-risk-planning-024,risk-mgmt-planning-item-1,5,Risk Management Planning - Item 1,"Maintaining an OHS activities calendar (XLSX) <https://content.sdp.education.vic.gov.au/media/ohs-activities-calendar-2768> or equivalent document which allocates and communicates OHS responsibilities and resources, ensuring it is fully reviewed and updated at least annually and as required",ohs-risk-planning-023,"risk, planning, annually, review, document",https://content.sdp.education.vic.gov.au/media/ohs-activities-calendar-2768
ohs-risk-planning,OHS Risk Planning and Management,ohs-risk-planning-025,risk-mgmt-planning-item-2,5,Risk Management Planning - Item 2,"Identifying additional hazards and monitoring existing risk controls by completing quarterly workplace inspections, and reviewing near miss, hazard, and injury reports",ohs-risk-planning-023,"risk, hazard, control, planning, quarterly, inspection, monitoring, injury, workplace, review",
ohs-risk-planning,OHS Risk Planning and Management,ohs-risk-planning-026,risk-mgmt-planning-item-3,5,Risk Management Planning - Item 3,Determining the level of risk by assessing the hazard following the process outlined in the assessing risks <http://www2.education.vic.gov.au/pal/ohs-risk-management-planning/procedure/assessing-risks> section of the procedure,ohs-risk-planning-023,"risk, hazard, planning",http://www2.education.vic.gov.au/pal/ohs-risk-management-planning/procedure/assessing-risks
ohs-risk-planning,OHS Risk Planning and Management,ohs-risk-planning-027,risk-mgmt-planning-item-4,5,Risk Management Planning - Item 4,Understanding and signing-off a sighted safe work method statements (SWMS) (DOCX) for high-risk construction activities as defined in the <http://www2.education.vic.gov.au/pal/contractor-ohs-management/procedure>,ohs-risk-planning-023,"risk, planning, contractor",http://www2.education.vic.gov.au/pal/contractor-ohs-management/procedure
ohs-risk-planning,OHS Risk Planning and Management,ohs-risk-planning-028,risk-mgmt-planning-item-5,5,Risk Management Planning - Item 5,Maintaining records related to risk assessment and consultation,ohs-risk-planning-023,"risk, assessment, planning, consultation, record",
ohs-risk-planning,OHS Risk Planning and Management,ohs-risk-planning-029,risk-mgmt-planning-item-6,5,Risk Management Planning - Item 6,"Ensuring that all staff have completed the mandatory eLearning module on LearnEd (Health, Safety and Wellbeing for Employees <https://edupay.eduweb.vic.gov.au> ). This must be completed as part of the employee’s induction and refreshed every 3 years and as required.",ohs-risk-planning-023,"risk, planning, staff, must, safety, wellbeing",https://edupay.eduweb.vic.gov.au
ohs-risk-planning,OHS Risk Planning and Management,ohs-risk-planning-030,the-department-offers-health-safety-and,4,Additional guidance 1,"The department offers health, safety and wellbeing for school leaders training as part of the Victorian Academy of Teaching and Leadership’s offering of strategic management training. This full day training aims to build the understanding of the foundations necessary to effectively manage health, safety and wellbeing in schools, including the development and maintenance of the risk register. All school leaders are encouraged to attend this training.",ohs-risk-planning-018,"risk, planning, register, requirement, safety, wellbeing",
ohs-risk-planning,OHS Risk Planning and Management,ohs-risk-planning-031,the-ohs-risk-planning-and-management,4,Additional guidance 2,The OHS Risk Planning and Management procedure <http://www2.education.vic.gov.au/pal/ohs-risk-management-planning/procedure> (in the Procedure tab) contains detailed requirements that schools must follow when implementing this policy to manage these key requirements.,ohs-risk-planning-018,"risk, planning, requirement, must",http://www2.education.vic.gov.au/pal/ohs-risk-management-planning/procedure
ohs-risk-planning,OHS Risk Planning and Management,ohs-risk-planning-032,department-supports-for-schools,2,Department supports for schools,,,,
ohs-risk-planning,OHS Risk Planning and Management,ohs-risk-planning-033,department-supports-for-schools-para-0-0,3,Department supports for schools - Paragraph 1,"Central and regional offices provide a range of supports and services to assist principals and school staff to be safe and well. These include access to local regional OHS support officers and the OHS Advisory Service <http://www2.education.vic.gov.au/pal/occupational-health-safety-wellbeing-management/guidance/useful-contacts> who can provide free advice and onsite or remote support in relation to health, safety and wellbeing risk management and complete specific risk assessments where required.",ohs-risk-planning-032,"risk, assessment, principal, staff, safety, wellbeing",http://www2.education.vic.gov.au/pal/occupational-health-safety-wellbeing-management/guidance/useful-contacts
ohs-risk-planning,OHS Risk Planning and Management,ohs-risk-planning-034,department-supports-for-schools-para-0-1,3,Department supports for schools - Paragraph 2,Using eduSafe Plus <https://services.educationapps.vic.gov.au/edusafeplus> to report and manage hazards identified allows OHS support officers to provide assistance and advice. Guidance for reporting and managing hazards on eduSafe Plus is located in the <https://edugate.eduweb.vic.gov.au/edrms/EHSWD/eduSafe_Plus_Project/Doc s_For_DOMAIN_USERS/eduSafe Plus Guide - How to report a workplace hazard.pdf> (staff login required) on the knowledge base in eduSafe Plus.,ohs-risk-planning-032,"hazard, staff, workplace",https://services.educationapps.vic.gov.au/edusafeplus; https://edugate.eduweb.vic.gov.au/edrms/EHSWD/eduSafe_Plus_Project/Doc
ohs-risk-planning,OHS Risk Planning and Management,ohs-risk-planning-035,definitions,2,Definitions,,,,
ohs-risk-planning,OHS Risk Planning and Management,ohs-risk-planning-036,consultation,3,Consultation,"Consultation involves sharing information with school staff about health and safety matters that affect their work in a meaningful and transparent way. Consultation must occur either through HSRs as the employee representative, or, where HSRs have not been elected, with the affected employees directly. School staff must be given notice of the subject being consulted upon and a reasonable time to consider the information shared. School staff must be given a reasonable opportunity to express views about the matter and have those views considered. Feedback received is considered before a final decision is made.",ohs-risk-planning-035,"staff, must, consultation, safety",
ohs-risk-planning,OHS Risk Planning and Management,ohs-risk-planning-037,hazard,3,Hazard,"Anything with the potential to cause harm, injury, illness, or loss.",ohs-risk-planning-035,"hazard, injury",
ohs-risk-planning,OHS Risk Planning and Management,ohs-risk-planning-038,risk,3,Risk,The likelihood of harm arising from exposure to any hazards and the consequence of that harm.,ohs-risk-planning-035,"risk, hazard",
ohs-risk-planning,OHS Risk Planning and Management,ohs-risk-planning-039,risk-assessment,3,Risk assessment,"The process undertaken to identify the hazards, risk controls, and level of risk associated with a task or activity.",ohs-risk-planning-035,"risk, hazard, assessment, control",
ohs-risk-planning,OHS Risk Planning and Management,ohs-risk-planning-040,risk-control,3,Risk control,"Implementing measures that eliminate, prevent, reduce, or mitigate the harm of potential exposure to a hazard.",ohs-risk-planning-035,"risk, hazard, control",
ohs-risk-planning,OHS Risk Planning and Management,ohs-risk-planning-041,risk-register,3,Risk register,"A register of all identified hazards, the level of risk they pose and controls that have been put in place to reduce the likelihood and consequence of incidents and/or injuries. It can also be used as an action plan for implementation of new controls with delegation of responsibilities and proposed implementation dates.",ohs-risk-planning-035,"risk, hazard, control, register, incident",
ohs-risk-planning,OHS Risk Planning and Management,ohs-risk-planning-042,related-policies,2,Related policies,,,,
ohs-risk-planning,OHS Risk Planning and Management,ohs-risk-planning-043,related-policies-item-0-0,3,Related policies - Item 1,Chemical Management <http://www2.education.vic.gov.au/pal/chemical-management/policy>,ohs-risk-planning-042,chemical,http://www2.education.vic.gov.au/pal/chemical-management/policy
ohs-risk-planning,OHS Risk Planning and Management,ohs-risk-planning-044,related-policies-item-0-1,3,Related policies - Item 2,"Occupational Health, Safety and Wellbeing Management in Schools <http://www2.education.vic.gov.au/pal/occupational-health-safety-wellbeing-management/policy>",ohs-risk-planning-042,"safety, wellbeing",http://www2.education.vic.gov.au/pal/occupational-health-safety-wellbeing-management/policy
ohs-risk-planning,OHS Risk Planning and Management,ohs-risk-planning-045,related-policies-item-0-2,3,Related policies - Item 3,OHS Consultation and Communication <http://www2.education.vic.gov.au/pal/ohs-consultation-communication/policy>,ohs-risk-planning-042,consultation,http://www2.education.vic.gov.au/pal/ohs-consultation-communication/policy
ohs-risk-planning,OHS Risk Planning and Management,ohs-risk-planning-046,related-policies-item-0-3,3,Related policies - Item 4,Plant and Equipment <http://www2.education.vic.gov.au/pal/plant-and-equip-ment-management/policy>,ohs-risk-planning-042,"equipment, plant",http://www2.education.vic.gov.au/pal/plant-and-equip-ment-management/policy
ohs-risk-planning,OHS Risk Planning and Management,ohs-risk-planning-047,relevant-legislation,2,Relevant legislation,,,,
ohs-risk-planning,OHS Risk Planning and Management,ohs-risk-planning-048,relevant-legislation-item-0-0,3,Relevant legislation - Item 1,Occupational Health and Safety Act 2004 (Vic) <https://www.legislation.vic.gov.au/in-force/acts/occupational-health-and-safety-act-2004>,ohs-risk-planning-047,safety,https://www.legislation.vic.gov.au/in-force/acts/occupational-health-and-safety-act-2004
ohs-risk-planning,OHS Risk Planning and Management,ohs-risk-planning-049,relevant-legislation-item-0-1,3,Relevant legislation - Item 2,Occupational Health and Safety Regulations 2017 (Vic) <https://www.legislation.vic.gov.au/in-force/statutory-rules/occupational-health-and-safety-regulations-2017>,ohs-risk-planning-047,safety,https://www.legislation.vic.gov.au/in-force/statutory-rules/occupational-health-and-safety-regulations-2017
ohs-risk-planning,OHS Risk Planning and Management,ohs-risk-planning-050,relevant-legislation-item-0-2,3,Relevant legislation - Item 3,International Standard Risk Management Principles and Guidelines: ISO 31000:2018,ohs-risk-planning-047,risk,
ohs-risk-planning,OHS Risk Planning and Management,ohs-risk-planning-051,relevant-legislation-item-0-3,3,Relevant legislation - Item 4,International Standard Occupational health and safety management systems: ISO 45001:2018,ohs-risk-planning-047,safety,
ohs-risk-planning,OHS Risk Planning and Management,ohs-risk-planning-052,ohs-risk-planning-and-management-procedure,2,OHS Risk Planning and Management Procedure,,,"risk, planning",
ohs-risk-planning,OHS Risk Planning and Management,ohs-risk-planning-053,ohs-risk-planning-and-management-procedure-requirements-0,3,Requirements,This OHS Risk Planning and Management Procedure sets out the practical step-by-step instructions that must be followed to implement the OHS Risk Management policy. The procedure contains the following steps:,ohs-risk-planning-052,"risk, planning, must",
ohs-risk-planning,OHS Risk Planning and Management,ohs-risk-planning-054,ohs-risk-planning-and-management-procedure-item-0-0,4,OHS Risk Planning and Management Procedure - Item 1,Planning for effective OHS risk management,ohs-risk-planning-053,"risk, planning",
ohs-risk-planning,OHS Risk Planning and Management,ohs-risk-planning-055,ohs-risk-planning-and-management-procedure-item-0-1,4,OHS Risk Planning and Management Procedure - Item 2,"Developing and maintaining an OHS risk register for health, safety and wellbeing risks",ohs-risk-planning-053,"risk, planning, register, safety, wellbeing",
ohs-risk-planning,OHS Risk Planning and Management,ohs-risk-planning-056,ohs-risk-planning-and-management-procedure-item-0-2,4,OHS Risk Planning and Management Procedure - Item 3,Identifying hazards,ohs-risk-planning-053,"risk, hazard, planning",
ohs-risk-planning,OHS Risk Planning and Management,ohs-risk-planning-057,ohs-risk-planning-and-management-procedure-item-0-3,4,OHS Risk Planning and Management Procedure - Item 4,Assessing risks,ohs-risk-planning-053,"risk, planning",
ohs-risk-planning,OHS Risk Planning and Management,ohs-risk-planning-058,ohs-risk-planning-and-management-procedure-item-0-4,4,OHS Risk Planning and Management Procedure - Item 5,Controlling risks,ohs-risk-planning-053,"risk, control, planning",
ohs-risk-planning,OHS Risk Planning and Management,ohs-risk-planning-059,ohs-risk-planning-and-management-procedure-item-0-5,4,OHS Risk Planning and Management Procedure - Item 6,Reviewing and monitoring risks controls,ohs-risk-planning-053,"risk, control, planning, monitoring, review",
ohs-risk-planning,OHS Risk Planning and Management,ohs-risk-planning-060,ohs-risk-planning-and-management-procedure-item-0-6,4,OHS Risk Planning and Management Procedure - Item 7,Record keeping.,ohs-risk-planning-053,"risk, planning, record",
ohs-risk-planning,OHS Risk Planning and Management,ohs-risk-planning-061,planning-for-effective-ohs-risk-management,2,Planning for effective OHS risk management,"To effectively manage risk as part of an ongoing OHS management approach, principals or their delegates must undertake the actions outlined in this chapter.",,"risk, planning, principal, must",
ohs-risk-planning,OHS Risk Planning and Management,ohs-risk-planning-062,consultation-2,3,Consultation,"The principal or their delegate must consult with school staff who are or are likely to be affected, and health and safety representatives (HSR), where elected, by implementing the OHS Consultation and Communication policy <http://www2.education.vic.gov.au/pal/ohs-consultation-communication/policy> and procedure to ensure effective consultation systems are in place, including regular communication forums.",ohs-risk-planning-061,"principal, staff, must, consultation, safety",http://www2.education.vic.gov.au/pal/ohs-consultation-communication/policy
ohs-risk-planning,OHS Risk Planning and Management,ohs-risk-planning-063,contractor-and-volunteer-management,3,Contractor and volunteer management,"The principal or their delegate must implement the Contractor OHS Management policy <http://www2.education.vic.gov.au/pal/contractor-ohs-management/policy> and procedure for managing contractors, including sighting and signing-off safe work method statements (SWMS) (DOCX) <https://www.education.vic.gov.au/hrweb/Documents/OHS/safeworkmethodst atementtemp.docx> for high-risk work if required. The principals or their delegate must follow the Volunteer OHS Management policy <http://www2.education.vic.gov.au/pal/volunteer-ohs-management/policy> and procedure for managing volunteers, including sighting and signing-off of safe work procedures volunteers undertake.",ohs-risk-planning-061,"risk, principal, must, contractor, volunteer, document",http://www2.education.vic.gov.au/pal/contractor-ohs-management/policy; https://www.education.vic.gov.au/hrweb/Documents/OHS/safeworkmethodst; http://www2.education.vic.gov.au/pal/volunteer-ohs-management/policy
ohs-risk-planning,OHS Risk Planning and Management,ohs-risk-planning-064,mandatory-learning,3,Mandatory learning,"The principal or their delegate must ensure that all staff have completed the mandatory eLearning module on LearnEd (Health, Safety and Wellbeing for Employees <https://edupay.eduweb.vic.gov.au> ). This must be completed as part of the employee’s induction and refreshed every 3 years and as required.",ohs-risk-planning-061,"principal, staff, must, safety, wellbeing",https://edupay.eduweb.vic.gov.au
ohs-risk-planning,OHS Risk Planning and Management,ohs-risk-planning-065,management-and-reporting-of-hazards-and-incidents,3,Management and reporting of hazards and incidents,"The principal or their delegate must manage health, safety and wellbeing hazards and incidents, including through eduSafe Plus reports, by implementing the Managing and Reporting School Incidents (Including Emergencies) policy <http://www2.education.vic.gov.au/pal/reporting-and-managing-school-incidents-including-emergencies/policy> .",ohs-risk-planning-061,"hazard, principal, must, incident, safety, wellbeing",http://www2.education.vic.gov.au/pal/reporting-and-managing-school-incidents-including-emergencies/policy
ohs-risk-planning,OHS Risk Planning and Management,ohs-risk-planning-066,planning,3,Planning,,ohs-risk-planning-061,planning,
ohs-risk-planning,OHS Risk Planning and Management,ohs-risk-planning-067,planning-para-0-0,4,Planning - Paragraph 1,"The principal or their delegate must effectively plan OHS activities to ensure hazards and risks associated with school activities are identified, assessed, and managed. These activities include workplace safety inspections, engaging contractors, reviewing and updating safety plans and registers (such as the school’s emergency management plan and OHS risk register).",ohs-risk-planning-066,"risk, hazard, planning, register, principal, must, inspection, safety, contractor, emergency, workplace, review",
ohs-risk-planning,OHS Risk Planning and Management,ohs-risk-planning-068,planning-para-0-1,4,Planning - Paragraph 2,"The department has developed an OHS activities calendar template (XLSX) <https://content.sdp.education.vic.gov.au/media/ohs-activities-calendar-2768> that is flexible and can be tailored to suit different school environments. This calendar provides a starting list of OHS activities that may be applicable to schools, and items which must be carried out by all schools (see the calendar template for further information). A school may utilise a different template if it is consistent with and meets the requirements detailed below.",ohs-risk-planning-066,"planning, requirement, must",https://content.sdp.education.vic.gov.au/media/ohs-activities-calendar-2768
ohs-risk-planning,OHS Risk Planning and Management,ohs-risk-planning-069,planning-requirements-1,4,Requirements,"The principal or their delegate, in consultation with school staff, area/subject coordinators, elected HSRs and the health and safety committee (or equivalent), must:",ohs-risk-planning-066,"planning, principal, staff, must, consultation, safety",
ohs-risk-planning,OHS Risk Planning and Management,ohs-risk-planning-070,planning-item-1-0,5,Planning - Item 1,"Review and tailor the OHS activities calendar template based on their school profile (facilities, hazards etc), and allocate responsibilities, frequencies, timeframes and resources to each item",ohs-risk-planning-069,"hazard, planning, review",
ohs-risk-planning,OHS Risk Planning and Management,ohs-risk-planning-071,planning-item-1-1,5,Planning - Item 2,Ensure school staff are aware of the procedures for completing the activities they are assigned,ohs-risk-planning-069,"planning, staff",
ohs-risk-planning,OHS Risk Planning and Management,ohs-risk-planning-072,planning-item-1-2,5,Planning - Item 3,Undertake a full review of the calendar at least annually to plan the activities,ohs-risk-planning-069,"planning, annually, review",
ohs-risk-planning,OHS Risk Planning and Management,ohs-risk-planning-073,planning-item-1-3,5,Planning - Item 4,Consider and amend the calendar where required:,ohs-risk-planning-069,planning,
ohs-risk-planning,OHS Risk Planning and Management,ohs-risk-planning-074,planning-item-1-4,5,Planning - Item 5,"When new or additional activities or priorities are required by the department, the community or WorkSafe",ohs-risk-planning-069,planning,
ohs-risk-planning,OHS Risk Planning and Management,ohs-risk-planning-075,planning-item-1-5,5,Planning - Item 6,When there are changes to staffing/resourcing levels,ohs-risk-planning-069,"planning, staff",
ohs-risk-planning,OHS Risk Planning and Management,ohs-risk-planning-076,planning-item-1-6,5,Planning - Item 7,"Following a review of the OHS risk register (XLSX) <https://content.sdp.education.vic.gov.au/media/ohs-risk-register-2572> , where a high-risk hazard may require additional monitoring",ohs-risk-planning-069,"risk, hazard, planning, register, monitoring, review",https://content.sdp.education.vic.gov.au/media/ohs-risk-register-2572
ohs-risk-planning,OHS Risk Planning and Management,ohs-risk-planning-077,planning-item-1-7,5,Planning - Item 8,"When hazards, near misses and incidents are reported and an activity/task may need to be added or frequency changed",ohs-risk-planning-069,"hazard, planning, incident",
ohs-risk-planning,OHS Risk Planning and Management,ohs-risk-planning-078,planning-item-1-8,5,Planning - Item 9,Where the outcome of an incident investigation recommends additional monitoring to reduce the likelihood and/or severity of injury or illness.,ohs-risk-planning-069,"planning, monitoring, incident, injury",
ohs-risk-planning,OHS Risk Planning and Management,ohs-risk-planning-079,planning-para-2-0,4,Planning - Paragraph 3,"The principal or their delegate is encouraged to review the calendar regularly (that is, monthly or termly) to monitor the activities, ensuring they are completed by the intended date and statuses are updated and recorded (for example, by including a staff initial and date on the printed calendar). Where activities are not completed by the intended date, the principal or their delegate should work with the allocated staff member to identify the reasons for the delay, determine an alternate date, and update the calendar accordingly.",ohs-risk-planning-066,"planning, principal, staff, should, monthly, review, record",
ohs-risk-planning,OHS Risk Planning and Management,ohs-risk-planning-080,planning-para-2-1,4,Planning - Paragraph 4,"The local regional OHS support officers and the OHS Advisory Service <http://www2.education.vic.gov.au/pal/occupational-health-safety-wellbeing-management/guidance/useful-contacts> can provide support to schools to implement these actions. For schools that have transitioned to eduSafe Plus, you can maintain your OHS activities calendar on this digital platform – contact your regional OHS support officer.",ohs-risk-planning-066,"planning, safety, wellbeing",http://www2.education.vic.gov.au/pal/occupational-health-safety-wellbeing-management/guidance/useful-contacts
ohs-risk-planning,OHS Risk Planning and Management,ohs-risk-planning-081,developing-and-maintaining-an-ohs-risk-register-for-health-safety-and-wellbeing-risks,2,"Developing and maintaining an OHS risk register for health, safety and wellbeing risks",,,"risk, register, safety, wellbeing",
ohs-risk-planning,OHS Risk Planning and Management,ohs-risk-planning-082,developing-and-maintaining-an-ohs-risk-register-for-health-safety-and-wellbeing-risks-para-0-0,3,"Developing and maintaining an OHS risk register for health, safety and wellbeing risks - Paragraph 1","The principal or their delegate, in consultation with school staff who are or are likely to be affected and HSRs, where elected, must prepare and maintain an OHS risk register, listing identified health, safety and wellbeing hazards and the controls implemented, to eliminate or minimise the associated risks. To assist schools in this process, the department has developed a generic, pre-populated Microsoft Excel OHS risk register template (XLSX) <https://content.sdp.education.vic.gov.au/media/ohs-risk-register-2572> . The OHS risk register template has also been made available as a Google Sheets template*<https://docs.google.com/spreadsheets/d/1Ndsul6CbhTho1gBxlsbEsDXVD3WM r62IyH37x0S3RXo/edit#gid=0> .",ohs-risk-planning-081,"risk, hazard, control, register, principal, staff, must, consultation, safety, wellbeing",https://content.sdp.education.vic.gov.au/media/ohs-risk-register-2572; https://docs.google.com/spreadsheets/d/1Ndsul6CbhTho1gBxlsbEsDXVD3WM
ohs-risk-planning,OHS Risk Planning and Management,ohs-risk-planning-083,developing-and-maintaining-an-ohs-risk-register-for-health-safety-and-wellbeing-risks-requirements-1,3,Requirements,This template lists common hazards that are required to be included in the school’s OHS risk register:,ohs-risk-planning-081,"risk, hazard, register, safety, wellbeing",
ohs-risk-planning,OHS Risk Planning and Management,ohs-risk-planning-084,developing-and-maintaining-an-ohs-risk-register-for-health-safety-and-wellbeing-risks-item-1-0,4,"Developing and maintaining an OHS risk register for health, safety and wellbeing risks - Item 1","The principal or their delegate, in consultation with school staff who are or are likely to be affected and HSRs, where elected, must tailor their OHS risk register by including school specific hazards and the mandated hazards. This can be done through the review of workplace inspections, health, safety and wellbeing hazard and incident data, specific task/activity risk assessments and other communication channels.",ohs-risk-planning-083,"risk, hazard, assessment, register, principal, staff, must, inspection, consultation, incident, safety, wellbeing",
ohs-risk-planning,OHS Risk Planning and Management,ohs-risk-planning-085,developing-and-maintaining-an-ohs-risk-register-for-health-safety-and-wellbeing-risks-item-1-1,4,"Developing and maintaining an OHS risk register for health, safety and wellbeing risks - Item 2","The principal or their delegate must review the school’s OHS risk register as required, and at least annually.",ohs-risk-planning-083,"risk, register, principal, must, annually, safety, wellbeing, review",
ohs-risk-planning,OHS Risk Planning and Management,ohs-risk-planning-086,developing-and-maintaining-an-ohs-risk-register-for-health-safety-and-wellbeing-risks-item-1-2,4,"Developing and maintaining an OHS risk register for health, safety and wellbeing risks - Item 3","The local regional OHS support officers and the OHS Advisory Service <http://www2.education.vic.gov.au/pal/occupational-health-safety-wellbeing-management/guidance/useful-contacts> can provide support to schools on this process. For schools that have transitioned to eduSafe Plus, you can maintain your OHS risk register on this digital platform – contact your regional OHS support officer.",ohs-risk-planning-083,"risk, register, safety, wellbeing",http://www2.education.vic.gov.au/pal/occupational-health-safety-wellbeing-management/guidance/useful-contacts
ohs-risk-planning,OHS Risk Planning and Management,ohs-risk-planning-087,developing-and-maintaining-an-ohs-risk-register-for-health-safety-and-wellbeing-risks-para-2-0,3,"Developing and maintaining an OHS risk register for health, safety and wellbeing risks - Paragraph 2","The department offers health, safety and wellbeing for school leaders training as part of the Victorian Academy of Teaching and Leadership’s offering of strategic management training. This full day training aims to build the understanding of the foundations necessary to effectively manage health, safety and wellbeing in schools, including the development and maintenance of the risk register. All school leaders are encouraged to attend this training.",ohs-risk-planning-081,"risk, register, safety, wellbeing",
ohs-risk-planning,OHS Risk Planning and Management,ohs-risk-planning-088,developing-and-maintaining-an-ohs-risk-register-for-health-safety-and-wellbeing-risks-para-2-1,3,"Developing and maintaining an OHS risk register for health, safety and wellbeing risks - Paragraph 3","*Please note: If schools are using their own tenancies of Google Workspace for Education, they are encouraged to ensure they have undertaken a privacy impact assessment (PIA) – download a partially populated PIA <https://edugate.eduweb.vic.gov.au/edrms/ISP/Intranet_linked_docs/Pre-pop-ulated-PIAs/Google_Workspace_for_Education_Fundamentals_PIA_Pack.docx?Web=1> (staff login required). Schools using the departmentally provided tenancy of Google do not need to do this. Always take care to ensure that school documents are locked down so that only relevant personnel can access them.",ohs-risk-planning-081,"risk, assessment, register, staff, safety, wellbeing, document",https://edugate.eduweb.vic.gov.au/edrms/ISP/Intranet_linked_docs/Pre-pop-ulated-PIAs/Google_Workspace_for_Education_Fundamentals_PIA_Pack.docx?Web=1
ohs-risk-planning,OHS Risk Planning and Management,ohs-risk-planning-089,identifying-hazards,2,Identifying hazards,,,hazard,
ohs-risk-planning,OHS Risk Planning and Management,ohs-risk-planning-090,identifying-hazards-para-0-0,3,Identifying hazards - Paragraph 1,"As part of maintaining a safe and healthy environment, schools are required to be aware and responsive to new and existing hazards. Creating a supportive safety culture, where safety is openly discussed regularly, assists with creating a safe environment where hazards are identified and responded to quickly and effectively.",ohs-risk-planning-089,"hazard, safety",
ohs-risk-planning,OHS Risk Planning and Management,ohs-risk-planning-091,identifying-hazards-requirements-1,3,Requirements,Hazards and associated risks can be introduced to a school environment in a variety of ways. This may include:,ohs-risk-planning-089,"risk, hazard",
ohs-risk-planning,OHS Risk Planning and Management,ohs-risk-planning-092,identifying-hazards-item-1-0,4,Identifying hazards - Item 1,"Any person conducting activities on school site, including school staff, contractors (as defined in the Contractor OHS Management procedure <http://www2.education.vic.gov.au/pal/contractor-ohs-management/procedure> ), volunteers (as defined in the Volunteer OHS Management policy <http://www2.education.vic.gov.au/pal/volunteer-ohs-management> ) and visitors",ohs-risk-planning-091,"hazard, staff, contractor, volunteer",http://www2.education.vic.gov.au/pal/contractor-ohs-management/procedure; http://www2.education.vic.gov.au/pal/volunteer-ohs-management
ohs-risk-planning,OHS Risk Planning and Management,ohs-risk-planning-093,identifying-hazards-item-1-1,4,Identifying hazards - Item 2,"Variation to the way work is carried out such as a change in process or procedure (for example, change of working/teaching location, or equipment is moved to a new area)",ohs-risk-planning-091,"hazard, equipment",
ohs-risk-planning,OHS Risk Planning and Management,ohs-risk-planning-094,identifying-hazards-item-1-2,4,Identifying hazards - Item 3,"Purchasing new equipment/plant or chemicals (for example, a lawn mower or new playground equipment)",ohs-risk-planning-091,"hazard, equipment, plant, chemical",
ohs-risk-planning,OHS Risk Planning and Management,ohs-risk-planning-095,identifying-hazards-item-1-3,4,Identifying hazards - Item 4,"Where work is undertaken off site, such as on an excursion or camp",ohs-risk-planning-091,hazard,
ohs-risk-planning,OHS Risk Planning and Management,ohs-risk-planning-096,identifying-hazards-item-1-4,4,Identifying hazards - Item 5,"The purchase, hire, lease or donation of goods with potential health, safety and wellbeing risks.",ohs-risk-planning-091,"risk, hazard, safety, wellbeing",
ohs-risk-planning,OHS Risk Planning and Management,ohs-risk-planning-097,identifying-hazards-requirements-2,3,Requirements,The following activities may assist in the hazard identification process:,ohs-risk-planning-089,hazard,
ohs-risk-planning,OHS Risk Planning and Management,ohs-risk-planning-098,identifying-hazards-item-2-0,4,Identifying hazards - Item 1,General workplace observations,ohs-risk-planning-097,"hazard, workplace",
ohs-risk-planning,OHS Risk Planning and Management,ohs-risk-planning-099,identifying-hazards-item-2-1,4,Identifying hazards - Item 2,Undertaking and reviewing results of quarterly workplace inspections (refer to the Workplace Safety Inspections policy and procedure <http://www2.education.vic.gov.au/pal/workplace-inspections/policy> ),ohs-risk-planning-097,"hazard, quarterly, inspection, safety, workplace, review",http://www2.education.vic.gov.au/pal/workplace-inspections/policy
ohs-risk-planning,OHS Risk Planning and Management,ohs-risk-planning-100,identifying-hazards-item-2-2,4,Identifying hazards - Item 3,Undertaking and reviewing risk assessments,ohs-risk-planning-097,"risk, hazard, assessment, review",
ohs-risk-planning,OHS Risk Planning and Management,ohs-risk-planning-101,identifying-hazards-item-2-3,4,Identifying hazards - Item 4,"Consultation with school staff and HSRs, where elected",ohs-risk-planning-097,"hazard, staff, consultation",
ohs-risk-planning,OHS Risk Planning and Management,ohs-risk-planning-102,identifying-hazards-item-2-4,4,Identifying hazards - Item 5,Reviewing school staff survey results,ohs-risk-planning-097,"hazard, staff, review",
ohs-risk-planning,OHS Risk Planning and Management,ohs-risk-planning-103,identifying-hazards-item-2-5,4,Identifying hazards - Item 6,"Reviewing hazard reports from eduSafe Plus, and sharing relevant information with the HSR (refer to the OHS Consultation and Communication policy <http://www2.education.vic.gov.au/pal/ohs-consultation-communication> for information regarding the sharing of hazard information with HSRs)",ohs-risk-planning-097,"hazard, consultation, review",http://www2.education.vic.gov.au/pal/ohs-consultation-communication
ohs-risk-planning,OHS Risk Planning and Management,ohs-risk-planning-104,identifying-hazards-item-2-6,4,Identifying hazards - Item 7,Reviewing previous assurance program findings,ohs-risk-planning-097,"hazard, review",
ohs-risk-planning,OHS Risk Planning and Management,ohs-risk-planning-105,identifying-hazards-item-2-7,4,Identifying hazards - Item 8,Reviewing health monitoring reports such as audiometric testing,ohs-risk-planning-097,"hazard, monitoring, review",
ohs-risk-planning,OHS Risk Planning and Management,ohs-risk-planning-106,identifying-hazards-item-2-8,4,Identifying hazards - Item 9,Reviewing incident investigations findings and recommendations,ohs-risk-planning-097,"hazard, incident, review",
ohs-risk-planning,OHS Risk Planning and Management,ohs-risk-planning-107,identifying-hazards-item-2-9,4,Identifying hazards - Item 10,Completing and reviewing safe work procedures and safe work method statements,ohs-risk-planning-097,"hazard, review",
ohs-risk-planning,OHS Risk Planning and Management,ohs-risk-planning-108,identifying-hazards-item-2-10,4,Identifying hazards - Item 11,"Completing the OHS purchasing checklist (DOCX) <https://content.sdp.education.vic.gov.au/media/ohs-purchasing-checklist-2772> for new plant, equipment or substance.",ohs-risk-planning-097,"hazard, equipment, plant",https://content.sdp.education.vic.gov.au/media/ohs-purchasing-checklist-2772
ohs-risk-planning,OHS Risk Planning and Management,ohs-risk-planning-109,identifying-hazards-para-3-0,3,Identifying hazards - Paragraph 2,School staff who identify a hazard in the workplace must notify the principal or their delegate using the most appropriate method based on the current risk and report it in eduSafe Plus.,ohs-risk-planning-089,"risk, hazard, principal, staff, must, workplace",
ohs-risk-planning,OHS Risk Planning and Management,ohs-risk-planning-110,identifying-hazards-para-3-1,3,Identifying hazards - Paragraph 3,"The principal or their delegate must assess the risks once hazards have been identified, in consultation with school staff who are or are likely to be affected and HSRs, where elected.",ohs-risk-planning-089,"risk, hazard, principal, staff, must, consultation",
ohs-risk-planning,OHS Risk Planning and Management,ohs-risk-planning-111,assessing-risks,2,Assessing risks,,,risk,
ohs-risk-planning,OHS Risk Planning and Management,ohs-risk-planning-112,assessing-risks-para-0-0,3,Assessing risks - Paragraph 1,"Once hazards are identified, the principal or their delegate must determine the ‘level of risk’ by assessing the hazards, in consultation with school staff who are or are likely to be affected and HSRs, where elected, particularly those with expertise or knowledge of the hazard.",ohs-risk-planning-111,"risk, hazard, principal, staff, must, consultation",
ohs-risk-planning,OHS Risk Planning and Management,ohs-risk-planning-113,assessing-risks-para-0-1,3,Assessing risks - Paragraph 2,"The risk assessment process can support schools to understand the hazard and prioritise the implementation of actions to control the hazard and associated risks. Risks can be primarily assessed using the risk matrix, which school staff can use as a guide (see the section on 'risk matrix' below).",ohs-risk-planning-111,"risk, hazard, assessment, control, staff",
ohs-risk-planning,OHS Risk Planning and Management,ohs-risk-planning-114,assessing-risks-para-0-2,3,Assessing risks - Paragraph 3,Specific situations and hazardous tasks and activities may require the use of a documented risk assessment to determine all associated risks and controls (see the section on 'risk assessments' below).,ohs-risk-planning-111,"risk, hazard, assessment, control, document",
ohs-risk-planning,OHS Risk Planning and Management,ohs-risk-planning-115,assessing-risks-para-0-3,3,Assessing risks - Paragraph 4,"Note: The mandated risks identified in the OHS risk register have already been assessed by the department, therefore a risk assessment is not required to be undertaken by principals, delegates or school staff. The responsibility of the school is to identify and implement appropriate controls to eliminate or reduce the risk rating (refer to controlling risks <http://www2.education.vic.gov.au/pal/ohs-risk-management-planning/procedure/controlling-risks> ).",ohs-risk-planning-111,"risk, assessment, control, planning, register, responsibility, principal, staff",http://www2.education.vic.gov.au/pal/ohs-risk-management-planning/procedure/controlling-risks
ohs-risk-planning,OHS Risk Planning and Management,ohs-risk-planning-116,risk-matrix,3,Risk matrix,,ohs-risk-planning-111,risk,
ohs-risk-planning,OHS Risk Planning and Management,ohs-risk-planning-117,risk-matrix-para-0-0,4,Risk matrix - Paragraph 1,All school staff can use the risk matrix as a guide for a quick assessment of a hazard prior to completing a task. See the ‘Risk matrix’ tab in the risk register templates (available from the Resources tab <http://www2.education.vic.gov.au/pal/ohs-risk-management-planning/resources> ).,ohs-risk-planning-116,"risk, hazard, assessment, planning, register, staff",http://www2.education.vic.gov.au/pal/ohs-risk-management-planning/resources
ohs-risk-planning,OHS Risk Planning and Management,ohs-risk-planning-118,risk-matrix-requirements-1,4,Requirements,"Using this risk matrix, follow the below steps:",ohs-risk-planning-116,risk,
ohs-risk-planning,OHS Risk Planning and Management,ohs-risk-planning-119,risk-matrix-item-1-0,5,Risk matrix - Item 1,"Consider the consequence of a risk occurring, using the consequence definitions",ohs-risk-planning-118,risk,
ohs-risk-planning,OHS Risk Planning and Management,ohs-risk-planning-120,risk-matrix-item-1-1,5,Risk matrix - Item 2,"Consider the likelihood of an incident occurring, using the likelihood definitions",ohs-risk-planning-118,"risk, incident",
ohs-risk-planning,OHS Risk Planning and Management,ohs-risk-planning-121,risk-matrix-item-1-2,5,Risk matrix - Item 3,Calculate the level of risk by finding the intersection between consequence and likelihood.,ohs-risk-planning-118,risk,
ohs-risk-planning,OHS Risk Planning and Management,ohs-risk-planning-122,risk-matrix-requirements-2,4,Requirements,"Based on the level of risk, the following actions must be considered by the principal or their delegate, in consultation with school staff who are or are likely to be affected, and HSRs, where elected:",ohs-risk-planning-116,"risk, principal, staff, must, consultation",
ohs-risk-planning,OHS Risk Planning and Management,ohs-risk-planning-123,risk-matrix-item-2-0,5,Risk matrix - Item 1,Extreme risk: Isolate the hazard (if safe to do so). A risk assessment may be completed to better understand the hazard and its associated risk. Controls must be implemented as soon as reasonably practicable.,ohs-risk-planning-122,"risk, hazard, assessment, control, must",
ohs-risk-planning,OHS Risk Planning and Management,ohs-risk-planning-124,risk-matrix-item-2-1,5,Risk matrix - Item 2,High risk: A risk assessment may be completed to better understand the hazard and its associated risk. Controls must be implemented within 48 hours of notification.,ohs-risk-planning-122,"risk, hazard, assessment, control, must",
ohs-risk-planning,OHS Risk Planning and Management,ohs-risk-planning-125,risk-matrix-item-2-2,5,Risk matrix - Item 3,Medium risk: Controls must be implemented within 7 days.,ohs-risk-planning-122,"risk, control, must",
ohs-risk-planning,OHS Risk Planning and Management,ohs-risk-planning-126,risk-matrix-item-2-3,5,Risk matrix - Item 4,Low risk: Controls must be planned to be undertaken within a reasonable timeframe.,ohs-risk-planning-122,"risk, control, must",
ohs-risk-planning,OHS Risk Planning and Management,ohs-risk-planning-127,risk-assessment-2,3,Risk assessment,,ohs-risk-planning-111,"risk, assessment",
ohs-risk-planning,OHS Risk Planning and Management,ohs-risk-planning-128,risk-assessment-para-0-0,4,Risk assessment - Paragraph 1,"For risks that are complex or that are likely to be rated as high or extreme, schools are encouraged to document their assessment process using the risk assessment template (DOCX) <https://content.sdp.education.vic.gov.au/media/risk-assessment-template-2807> , before documenting the risk and control in their OHS risk register.",ohs-risk-planning-127,"risk, assessment, control, register, document",https://content.sdp.education.vic.gov.au/media/risk-assessment-template-2807
ohs-risk-planning,OHS Risk Planning and Management,ohs-risk-planning-129,risk-assessment-requirements-1,4,Requirements,"There are also common hazardous activities that involve greater risk and have their own specific risk assessment and management process, with guidance and templates provided by the department. These are:",ohs-risk-planning-127,"risk, hazard, assessment",
ohs-risk-planning,OHS Risk Planning and Management,ohs-risk-planning-130,risk-assessment-item-1-0,5,Risk assessment - Item 1,Plant and equipment <http://www2.education.vic.gov.au/pal/plant-and-equip-ment-management/resources>,ohs-risk-planning-129,"risk, assessment, equipment, plant",http://www2.education.vic.gov.au/pal/plant-and-equip-ment-management/resources
ohs-risk-planning,OHS Risk Planning and Management,ohs-risk-planning-131,risk-assessment-item-1-1,5,Risk assessment - Item 2,"Hazardous manual handling <http://www2.education.vic.gov.au/pal/manual-handling/resources> (for example, the removal of gym mats from storage, concert stage set up)",ohs-risk-planning-129,"risk, hazard, assessment, manual handling",http://www2.education.vic.gov.au/pal/manual-handling/resources
ohs-risk-planning,OHS Risk Planning and Management,ohs-risk-planning-132,risk-assessment-item-1-2,5,Risk assessment - Item 3,"Chemical management <http://www2.education.vic.gov.au/pal/chemical-management/resources> (for example, the use of chemicals in science classes, storage of hazardous chemicals).",ohs-risk-planning-129,"risk, hazard, assessment, chemical",http://www2.education.vic.gov.au/pal/chemical-management/resources
ohs-risk-planning,OHS Risk Planning and Management,ohs-risk-planning-133,risk-assessment-para-2-0,4,Risk assessment - Paragraph 2,"Where there is unreasonable risk identified using the risk matrix or risk assessment template, cease the associated activity and isolate the hazard (where possible and safe to do so).",ohs-risk-planning-127,"risk, hazard, assessment",
ohs-risk-planning,OHS Risk Planning and Management,ohs-risk-planning-134,risk-assessment-para-2-1,4,Risk assessment - Paragraph 3,The principal or their delegate must update the school’s OHS risk register to reflect the identified hazards and associated levels of risk in response to completing the risk assessment process.,ohs-risk-planning-127,"risk, hazard, assessment, register, principal, must",
ohs-risk-planning,OHS Risk Planning and Management,ohs-risk-planning-135,risk-assessment-para-2-2,4,Risk assessment - Paragraph 4,Schools can contact their local regional OHS support officer or the OHS Advisory Service <http://www2.education.vic.gov.au/pal/occupational-health-safety-wellbeing-management/guidance/useful-contacts> for support if needed.,ohs-risk-planning-127,"risk, assessment, safety, wellbeing",http://www2.education.vic.gov.au/pal/occupational-health-safety-wellbeing-management/guidance/useful-contacts
ohs-risk-planning,OHS Risk Planning and Management,ohs-risk-planning-136,controlling-risks,2,Controlling risks,,,"risk, control",
ohs-risk-planning,OHS Risk Planning and Management,ohs-risk-planning-137,controlling-risks-para-0-0,3,Controlling risks - Paragraph 1,"Once hazards have been identified and the risks have been assessed, the principal or their delegate must work to eliminate or control the risks. If a risk cannot be eliminated, then the principal or their delegate must consider a mix of controls to achieve the best possible risk reduction. For guidance on identifying appropriate controls, see the ‘Controlling Risks’ tab in the risk register templates (available from the Resources tab <http://www2.education.vic.gov.au/pal/ohs-risk-management-planning/resources> ).",ohs-risk-planning-136,"risk, hazard, control, planning, register, principal, must",http://www2.education.vic.gov.au/pal/ohs-risk-management-planning/resources
ohs-risk-planning,OHS Risk Planning and Management,ohs-risk-planning-138,controlling-risks-para-0-1,3,Controlling risks - Paragraph 2,"Throughout the process of identifying risk controls to be implemented, the principal or their delegate must consult with school staff who are or are likely to be affected, the HSR, where elected, and health and safety committee (or equivalent) members.",ohs-risk-planning-136,"risk, control, principal, staff, must, safety",
ohs-risk-planning,OHS Risk Planning and Management,ohs-risk-planning-139,controlling-risks-requirements-1,3,Requirements,"When identifying and implementing appropriate controls, consider the following:",ohs-risk-planning-136,"risk, control",
ohs-risk-planning,OHS Risk Planning and Management,ohs-risk-planning-140,controlling-risks-item-1-0,4,Controlling risks - Item 1,"Provide information, instruction, training and/or supervision regarding the implementation of risk controls",ohs-risk-planning-139,"risk, control",
ohs-risk-planning,OHS Risk Planning and Management,ohs-risk-planning-141,controlling-risks-item-1-1,4,Controlling risks - Item 2,"If possible, test the risk controls prior to implementation",ohs-risk-planning-139,"risk, control",
ohs-risk-planning,OHS Risk Planning and Management,ohs-risk-planning-142,controlling-risks-item-1-2,4,Controlling risks - Item 3,"Ensure the proposed risk controls do not create new hazards or increase the likelihood of other risks occurring (for example, the installation of barriers as a risk control for the use of woodwork machinery may restrict access to emergency exits in the case of an emergency)",ohs-risk-planning-139,"risk, hazard, control, emergency",
ohs-risk-planning,OHS Risk Planning and Management,ohs-risk-planning-143,controlling-risks-item-1-3,4,Controlling risks - Item 4,"Prioritise implementing controls for the more hazardous risks (that is, extreme and high-risk rating)",ohs-risk-planning-139,"risk, hazard, control",
ohs-risk-planning,OHS Risk Planning and Management,ohs-risk-planning-144,controlling-risks-item-1-4,4,Controlling risks - Item 5,"Budget constraints and available funding (see Buildings and Grounds Maintenance and Compliance policy <http://www2.education.vic.gov.au/pal/buildings-grounds-maintenance/policy> and the School-funded Capital Projects policy <http://www2.education.vic.gov.au/pal/school-funded-capital-projects/policy> for more information regarding repairs and building management) communicate the risk control strategies to all relevant school staff, contractors, volunteers and visitors attending school grounds, as per the OHS Consultation and Communication policy <http://www2.education.vic.gov.au/pal/ohs-consultation-communication/policy> .",ohs-risk-planning-139,"risk, control, staff, consultation, contractor, volunteer",http://www2.education.vic.gov.au/pal/buildings-grounds-maintenance/policy; http://www2.education.vic.gov.au/pal/school-funded-capital-projects/policy; http://www2.education.vic.gov.au/pal/ohs-consultation-communication/policy
ohs-risk-planning,OHS Risk Planning and Management,ohs-risk-planning-145,controlling-risks-para-2-0,3,Controlling risks - Paragraph 3,The local regional OHS support officers and the OHS Advisory Service <http://www2.education.vic.gov.au/pal/occupational-health-safety-wellbeing-management/guidance/useful-contacts> can provide support to schools on this process.,ohs-risk-planning-136,"risk, control, safety, wellbeing",http://www2.education.vic.gov.au/pal/occupational-health-safety-wellbeing-management/guidance/useful-contacts
ohs-risk-planning,OHS Risk Planning and Management,ohs-risk-planning-146,reviewing-and-monitoring-risk-controls,2,Reviewing and monitoring risk controls,,,"risk, control, monitoring, review",
ohs-risk-planning,OHS Risk Planning and Management,ohs-risk-planning-147,reviewing-and-monitoring-risk-controls-para-0-0,3,Reviewing and monitoring risk controls - Paragraph 1,Monitoring the effectiveness of risk controls is best done through school staff and HSR consultation and feedback.,ohs-risk-planning-146,"risk, control, staff, monitoring, consultation, review",
ohs-risk-planning,OHS Risk Planning and Management,ohs-risk-planning-148,reviewing-and-monitoring-risk-controls-para-0-1,3,Reviewing and monitoring risk controls - Paragraph 2,"The principal or their delegate must ensure that risk controls are reviewed at regular intervals, at least annually, and scheduled in the school OHS activities calendar (XLSX) <https://content.sdp.education.vic.gov.au/media/ohs-activ- . This ensures the monitoring and review of the effectiveness of these controls, and provides an opportunity for continuous improvement. Refer to <http://www2.education.vic.gov.au/pal/ohs-risk-management-planning/procedure/planning-for-effective-ohs-risk-management> for more information about using the OHS activities calendar.",ohs-risk-planning-146,"risk, control, planning, principal, must, annually, monitoring, review",https://content.sdp.education.vic.gov.au/media/ohs-activ-; http://www2.education.vic.gov.au/pal/ohs-risk-management-planning/procedure/planning-for-effective-ohs-risk-management
ohs-risk-planning,OHS Risk Planning and Management,ohs-risk-planning-149,reviewing-and-monitoring-risk-controls-requirements-1,3,Requirements,The principal or their delegate must also review risk controls in the school OHS risk register when:,ohs-risk-planning-146,"risk, control, register, principal, must, monitoring, review",
ohs-risk-planning,OHS Risk Planning and Management,ohs-risk-planning-150,reviewing-and-monitoring-risk-controls-item-1-0,4,Reviewing and monitoring risk controls - Item 1,"New potential hazards or risks are identified (for example, through a report in eduSafe plus, workplace inspections, specific risk assessments)",ohs-risk-planning-149,"risk, hazard, assessment, control, inspection, monitoring, workplace, review",
ohs-risk-planning,OHS Risk Planning and Management,ohs-risk-planning-151,reviewing-and-monitoring-risk-controls-item-1-1,4,Reviewing and monitoring risk controls - Item 2,"Incidents, injuries or near misses occur",ohs-risk-planning-149,"risk, control, monitoring, incident, review",
ohs-risk-planning,OHS Risk Planning and Management,ohs-risk-planning-152,reviewing-and-monitoring-risk-controls-item-1-2,4,Reviewing and monitoring risk controls - Item 3,New hazardous substances are introduced into the school (refer to the Chemical Management policy <http://www2.education.vic.gov.au/pal/chemical-management/policy> or Plant and Equipment Management policy <http://www2.education.vic.gov.au/pal/plant-and-equipment-management/policy> ),ohs-risk-planning-149,"risk, hazard, control, monitoring, equipment, plant, chemical, review",http://www2.education.vic.gov.au/pal/chemical-management/policy; http://www2.education.vic.gov.au/pal/plant-and-equipment-management/policy
ohs-risk-planning,OHS Risk Planning and Management,ohs-risk-planning-153,reviewing-and-monitoring-risk-controls-item-1-3,4,Reviewing and monitoring risk controls - Item 4,New information regarding a hazard is made available or communicated by the department or WorkSafe,ohs-risk-planning-149,"risk, hazard, control, monitoring, review",
ohs-risk-planning,OHS Risk Planning and Management,ohs-risk-planning-154,reviewing-and-monitoring-risk-controls-item-1-4,4,Reviewing and monitoring risk controls - Item 5,"Existing hazards and risks are no longer relevant (and as a result, archived).",ohs-risk-planning-149,"risk, hazard, control, monitoring, review",
ohs-risk-planning,OHS Risk Planning and Management,ohs-risk-planning-155,reviewing-and-monitoring-risk-controls-para-2-0,3,Reviewing and monitoring risk controls - Paragraph 3,"If a risk control has not been implemented by the intended completion date, the principal or their delegate must identify the reasons for the delay and, in consultation with school staff who are or are likely to be affected, HSRs, where elected, and those tasked with implementing the risk control, determine an alternate date and update the OHS risk register.",ohs-risk-planning-146,"risk, control, register, principal, staff, must, monitoring, consultation, review",
ohs-risk-planning,OHS Risk Planning and Management,ohs-risk-planning-156,reviewing-and-monitoring-risk-controls-para-2-1,3,Reviewing and monitoring risk controls - Paragraph 4,"Regular discussions regarding health, safety and wellbeing at meetings (for example, health and safety committees and staff meetings) is strongly encouraged, and a great way to embed a positive health, safety and wellbeing culture throughout the school.",ohs-risk-planning-146,"risk, control, staff, monitoring, safety, wellbeing, review",
ohs-risk-planning,OHS Risk Planning and Management,ohs-risk-planning-157,reviewing-and-monitoring-risk-controls-para-2-2,3,Reviewing and monitoring risk controls - Paragraph 5,"The principal or their delegate should keep people updated and regularly communicate outcomes regarding hazard identification, risk assessment and implemented controls to contribute to this safety culture. Refer to the OHS Consultation and Communication policy <http://www2.education.vic.gov.au/pal/ohs-consulta-tion-communication/policy> for further detail.",ohs-risk-planning-146,"risk, hazard, assessment, control, principal, should, monitoring, consultation, safety, review",http://www2.education.vic.gov.au/pal/ohs-consulta-tion-communication/policy
ohs-risk-planning,OHS Risk Planning and Management,ohs-risk-planning-158,record-keeping,2,Record keeping,,,record,
ohs-risk-planning,OHS Risk Planning and Management,ohs-risk-planning-159,record-keeping-requirements-0,3,Requirements,"Schools must maintain the following records in relation to health, safety and wellbeing risk planning and management:",ohs-risk-planning-158,"risk, planning, must, safety, wellbeing, record",
ohs-risk-planning,OHS Risk Planning and Management,ohs-risk-planning-160,record-keeping-item-0-0,4,Record keeping - Item 1,"Current school OHS activities calendar, reflecting when OHS activities have been completed",ohs-risk-planning-159,record,
ohs-risk-planning,OHS Risk Planning and Management,ohs-risk-planning-161,record-keeping-item-0-1,4,Record keeping - Item 2,Completed activity/task risk assessments,ohs-risk-planning-159,"risk, assessment, record",
ohs-risk-planning,OHS Risk Planning and Management,ohs-risk-planning-162,record-keeping-item-0-2,4,Record keeping - Item 3,Current and archived versions of the school OHS risk register,ohs-risk-planning-159,"risk, register, record",
ohs-risk-planning,OHS Risk Planning and Management,ohs-risk-planning-163,record-keeping-item-0-3,4,Record keeping - Item 4,Health and safety committee meeting minutes (if applicable),ohs-risk-planning-159,"safety, record",
ohs-risk-planning,OHS Risk Planning and Management,ohs-risk-planning-164,record-keeping-item-0-4,4,Record keeping - Item 5,"Minutes of other meetings/communication where risk management has been discussed (for example, staff meetings, OHS working group meetings).",ohs-risk-planning-159,"risk, staff, record",
ohs-risk-planning,OHS Risk Planning and Management,ohs-risk-planning-165,record-keeping-para-1-0,3,Record keeping - Paragraph 1,"The department is transitioning schools to eduSafe Plus. If your school has transitioned to eduSafe Plus, you can maintain your OHS risk register and OHS activities calendar in this digital platform. Local regional OHS support officers or the OHS Advisory Service <http://www2.education.vic.gov.au/pal/occupational-health-safety-wellbeing-management/guidance/useful-contacts> can support with your transition to using these documents online.",ohs-risk-planning-158,"risk, register, safety, wellbeing, record, document",http://www2.education.vic.gov.au/pal/occupational-health-safety-wellbeing-management/guidance/useful-contacts
ohs-risk-planning,OHS Risk Planning and Management,ohs-risk-planning-166,record-keeping-para-1-1,3,Record keeping - Paragraph 2,These documents must be retained in accordance with the Records Management policy <http://www2.education.vic.gov.au/pal/records-management/policy> .,ohs-risk-planning-158,"must, record, document",http://www2.education.vic.gov.au/pal/records-management/policy
ohs-risk-planning,OHS Risk Planning and Management,ohs-risk-planning-167,templates-relevant-to-this-policy-and-procedure,3,Templates relevant to this policy and procedure,,,,
ohs-risk-planning,OHS Risk Planning and Management,ohs-risk-planning-168,templates-relevant-to-this-policy-and-procedure-item-0-0,4,Templates relevant to this policy and procedure - Item 1,OHS risk register (XLSX) <https://content.sdp.education.vic.gov.au/media/ohs-risk-register-2572> – a Microsoft Excel spreadsheet pre-populated for schools to use,ohs-risk-planning-167,"risk, register",https://content.sdp.education.vic.gov.au/media/ohs-risk-register-2572
ohs-risk-planning,OHS Risk Planning and Management,ohs-risk-planning-169,templates-relevant-to-this-policy-and-procedure-item-0-1,4,Templates relevant to this policy and procedure - Item 2,"Google Sheets version of OHS risk register template <https://docs.google.com/spreadsheets/d/1_NmxVQymBds5VXF_gC32QP8ZMS Q_5aWC2-RHCXn_nwg/edit?usp=sharing> – To utilise this template ensure a copy has been saved to the school's local Google Drive, prior to editing. Note: If schools are using their own tenancies of Google Workspace for Education, they are encouraged to ensure they have undertaken a privacy impact assessment (PIA). A partially populated PIA can be downloaded from this link <https://edugate.eduweb.vic.gov.au/edrms/ISP/Intranet_linked_docs/Pre-populated-PIAs/Google_Workspace_for_Education_Fundamentals_PIA_Pack.docx? Web=1> . Schools using the departmentally provided tenancy of Google do not need to do this. Always take care to ensure that school documents are locked down so that only relevant personnel can access them.",ohs-risk-planning-167,"risk, assessment, register, document",https://docs.google.com/spreadsheets/d/1_NmxVQymBds5VXF_gC32QP8ZMS; https://edugate.eduweb.vic.gov.au/edrms/ISP/Intranet_linked_docs/Pre-populated-PIAs/Google_Workspace_for_Education_Fundamentals_PIA_Pack.docx?
ohs-risk-planning,OHS Risk Planning and Management,ohs-risk-planning-170,templates-relevant-to-this-policy-and-procedure-item-0-2,4,Templates relevant to this policy and procedure - Item 3,Risk assessment template (DOCX) <https://content.sdp.education.vic.gov.au/media/risk-assessment-template-2807>,ohs-risk-planning-167,"risk, assessment",https://content.sdp.education.vic.gov.au/media/risk-assessment-template-2807
ohs-risk-planning,OHS Risk Planning and Management,ohs-risk-planning-171,templates-relevant-to-this-policy-and-procedure-item-0-3,4,Templates relevant to this policy and procedure - Item 4,Plant and equipment risk assessment (DOCX) <https://content.sdp.education.vic.gov.au/media/plant-and-equipment-risk-management-form-2786>,ohs-risk-planning-167,"risk, assessment, equipment, plant",https://content.sdp.education.vic.gov.au/media/plant-and-equipment-risk-management-form-2786
ohs-risk-planning,OHS Risk Planning and Management,ohs-risk-planning-172,templates-relevant-to-this-policy-and-procedure-item-0-4,4,Templates relevant to this policy and procedure - Item 5,OHS activities calendar (XLSX) <https://content.sdp.education.vic.gov.au/media/ohs-activities-calendar-2768>,ohs-risk-planning-167,,https://content.sdp.education.vic.gov.au/media/ohs-activities-calendar-2768
ohs-risk-planning,OHS Risk Planning and Management,ohs-risk-planning-173,templates-relevant-to-this-policy-and-procedure-item-0-5,4,Templates relevant to this policy and procedure - Item 6,"For resources related specifically to psychological hazards and risk management, refer to the Psychological Health and Safety resources tab <http://www2.education.vic.gov.au/pal/psychological-health-safety-school-staff/resources>",ohs-risk-planning-167,"risk, hazard, staff, safety",http://www2.education.vic.gov.au/pal/psychological-health-safety-school-staff/resources
ohs-risk-planning,OHS Risk Planning and Management,ohs-risk-planning-174,templates-relevant-to-this-policy-and-procedure-para-1-0,4,Templates relevant to this policy and procedure - Paragraph 1,Reviewed 19 April 2024,ohs-risk-planning-167,review,
